date_only,sentiment_mean,sentiment_min,sentiment_max,tweet_count
2017-01-24,0.0,0.0,0.0,1
2017-01-27,-0.2481,-0.2481,-0.2481,1
2017-01-29,-0.6369,-0.6369,-0.6369,1
2017-01-30,-0.0868,-0.0868,-0.0868,1
2017-02-02,-0.14976666666666666,-0.2714,0.0,3
2017-02-03,-0.6883,-0.7119,-0.6448,3
2017-02-07,-0.8501333333333334,-0.8516,-0.8494,3
2017-02-09,0.381,0.126,0.636,2
2017-02-10,-0.828,-0.828,-0.828,1
2017-02-12,0.1027,0.1027,0.1027,1
2017-02-17,0.0,0.0,0.0,1
2017-02-18,0.0,0.0,0.0,1
2017-02-24,0.0,0.0,0.0,1
2017-03-03,0.0,0.0,0.0,1
2017-03-04,-0.6305,-0.6305,-0.6305,1
2017-03-07,0.3802,0.3802,0.3802,1
2017-03-15,0.8268,0.8268,0.8268,1
2017-03-16,0.8066,0.8066,0.8066,1
2017-03-17,0.40615,0.368,0.4443,2
2017-03-18,0.7866,0.7866,0.7866,1
2017-03-23,-0.5319,-0.5859,-0.4779,2
2017-03-30,0.05345,-0.6115,0.7184,2
2017-04-03,0.6897333333333333,0.5106,0.8402,3
2017-04-08,0.88245,0.8779,0.887,2
2017-04-09,-0.8516,-0.8516,-0.8516,1
2017-04-11,0.2948,0.2732,0.3164,2
2017-04-12,0.44695,-0.0018,0.8957,2
2017-04-13,0.8268,0.8268,0.8268,1
2017-04-14,0.0,0.0,0.0,1
2017-04-16,-0.14075,-0.4574,0.1759,2
2017-04-21,-0.6518999999999999,-0.8439,-0.4599,2
2017-04-22,0.49420000000000003,0.0,0.8832,3
2017-04-25,0.636,0.636,0.636,1
2017-04-27,0.11999999999999997,-0.7177,0.6476,5
2017-04-28,-0.5263,-0.6122,-0.4404,2
2017-04-29,0.7574,0.7574,0.7574,1
2017-05-02,-0.36305,-0.902,0.1759,2
2017-05-07,0.06585000000000002,-0.7081,0.8398,2
2017-05-10,0.4767,0.4767,0.4767,1
2017-05-12,0.29410000000000003,0.25,0.3382,2
2017-05-20,0.6249,0.6249,0.6249,1
2017-05-23,0.876,0.876,0.876,1
2017-05-24,0.7712,0.7712,0.7712,1
2017-05-25,0.0,0.0,0.0,1
2017-05-26,-0.9306,-0.9306,-0.9306,1
2017-05-27,0.28595,0.0,0.5719,2
2017-05-28,0.3512,0.3512,0.3512,1
2017-05-29,0.4925,0.2942,0.6908,2
2017-05-30,-0.7841,-0.7841,-0.7841,1
2017-05-31,0.8126,0.8126,0.8126,1
2017-06-03,-0.8519,-0.8519,-0.8519,1
2017-06-04,-0.9259,-0.9259,-0.9259,1
2017-06-06,0.7506,0.7506,0.7506,1
2017-06-11,-0.8096,-0.8096,-0.8096,1
2017-06-14,0.6585,0.4019,0.9151,2
2017-06-16,0.4063,0.0,0.8126,2
2017-06-18,0.32365,-0.2746,0.9219,2
2017-06-19,0.0,0.0,0.0,1
2017-06-20,0.7171,0.7171,0.7171,1
2017-06-22,0.1225,0.1225,0.1225,1
2017-06-24,-0.5992,-0.5992,-0.5992,1
2017-06-26,-0.8244,-0.8244,-0.8244,1
2017-06-27,-0.15033333333333335,-0.6588,0.7171,3
2017-06-29,-0.8519,-0.8519,-0.8519,1
2017-06-30,0.0,0.0,0.0,1
2017-07-04,-0.0353,-0.5294,0.4588,2
2017-07-05,0.0,0.0,0.0,1
2017-07-07,0.3294,0.0,0.6588,2
2017-07-08,0.5323,0.4927,0.5719,2
2017-07-09,0.649,0.5411,0.7569,2
2017-07-11,-0.0431,-0.0431,-0.0431,1
2017-07-13,0.7964,0.7964,0.7964,1
2017-07-14,0.20882,-0.3802,0.7579,5
2017-07-15,0.9245,0.9245,0.9245,1
2017-07-16,0.7777,0.7777,0.7777,1
2017-07-17,0.68,0.68,0.68,1
2017-07-19,0.3802,0.3802,0.3802,1
2017-07-20,0.44905,0.2732,0.6249,2
2017-07-22,-0.03749999999999998,-0.7777,0.7027,2
2017-07-24,0.2714,0.2714,0.2714,1
2017-07-26,0.34567499999999995,0.2244,0.5423,4
2017-07-27,0.67605,0.3786,0.9735,2
2017-07-28,0.6892,0.6892,0.6892,1
2017-07-29,-0.29579999999999995,-0.7793,0.6593,4
2017-07-30,0.0,0.0,0.0,1
2017-08-04,0.6588,0.6588,0.6588,1
2017-08-05,0.6696,0.6696,0.6696,1
2017-08-06,0.8748,0.8748,0.8748,1
2017-08-07,0.07768,-0.4019,0.3612,5
2017-08-08,0.0,0.0,0.0,1
2017-08-09,-0.13905714285714282,-0.8834,0.883,7
2017-08-10,-0.22845000000000001,-0.3542,-0.1027,2
2017-08-11,0.196925,-0.34,0.6597,4
2017-08-13,-0.4767,-0.4767,-0.4767,1
2017-08-14,0.25723333333333337,0.0,0.7717,3
2017-08-15,-0.08895,-0.1779,0.0,2
2017-08-16,0.7959,0.7959,0.7959,1
2017-08-17,-0.028650000000000037,-0.5147,0.4574,2
2017-08-18,0.7337,0.6486,0.8188,2
2017-08-19,-0.13279999999999997,-0.9246,0.659,2
2017-08-22,0.6456000000000001,0.3612,0.93,2
2017-08-25,-0.3498,-0.6996,0.0,2
2017-08-26,0.7783,0.7783,0.7783,1
2017-08-29,0.5106,0.5106,0.5106,1
2017-09-02,0.854,0.854,0.854,1
2017-09-03,0.1772,-0.5356,0.706,3
2017-09-05,0.05553333333333332,-0.6771,0.8437,3
2017-09-07,0.3612,0.3612,0.3612,1
2017-09-14,0.6973,0.6239,0.7707,2
2017-09-15,-0.6789666666666667,-0.8481,-0.3818,3
2017-09-17,0.0516,0.0516,0.0516,1
2017-09-18,0.8955,0.8955,0.8955,1
2017-09-19,0.8481,0.8481,0.8481,1
2017-09-20,0.41946666666666665,-0.4404,0.9267,6
2017-09-21,0.48085,0.1511,0.7419,4
2017-09-23,0.784,0.784,0.784,1
2017-09-24,0.4767,0.4767,0.4767,1
2017-09-25,-0.7783,-0.7783,-0.7783,1
2017-09-26,-0.31256666666666666,-0.8176,0.128,3
2017-09-28,0.725,0.725,0.725,1
2017-09-29,0.2722,0.0,0.5444,2
2017-09-30,0.41861999999999994,-0.1511,0.8367,5
2017-10-01,0.836,0.836,0.836,1
2017-10-02,0.3595,0.3595,0.3595,1
2017-10-03,0.7563,0.7563,0.7563,1
2017-10-04,0.9108,0.9108,0.9108,1
2017-10-05,-0.6878,-0.9382,-0.4374,2
2017-10-06,0.0,0.0,0.0,1
2017-10-08,0.162825,-0.1955,0.5754,4
2017-10-11,0.3933,-0.2714,0.8519,3
2017-10-12,0.318,0.318,0.318,1
2017-10-13,-0.66435,-0.8883,-0.4404,2
2017-10-14,0.4739333333333334,0.0,0.8807,3
2017-10-16,0.3801,0.3801,0.3801,1
2017-10-18,-0.6124,-0.6124,-0.6124,1
2017-10-19,0.0577,0.0,0.1154,2
2017-10-20,0.51935,0.4926,0.5461,2
2017-10-22,0.8439,0.8439,0.8439,1
2017-10-24,0.340725,-0.802,0.8901,4
2017-10-25,0.6663,0.4574,0.8622,3
2017-10-28,-0.9072,-0.9072,-0.9072,1
2017-10-31,-0.4993,-0.8516,0.0,4
2017-11-01,-0.25202,-0.8689,0.4201,5
2017-11-02,-0.5255,-0.5255,-0.5255,1
2017-11-03,-0.08552499999999999,-0.5848,0.784,4
2017-11-04,0.71115,0.5707,0.8516,2
2017-11-05,0.729,0.729,0.729,1
2017-11-06,0.8999,0.8999,0.8999,1
2017-11-07,0.8074,0.8074,0.8074,1
2017-11-08,0.5204333333333334,0.0,0.9078,6
2017-11-09,-0.08055000000000001,-0.8908,0.7297,2
2017-11-10,0.8986,0.8986,0.8986,1
2017-11-11,0.21075,0.0,0.4215,2
2017-11-12,0.5994,0.5994,0.5994,1
2017-11-15,0.46315,0.1027,0.8236,2
2017-11-16,0.456925,0.0,0.6705,4
2017-11-17,0.3054,0.3054,0.3054,1
2017-11-19,-0.2347,-0.6938,0.2244,2
2017-11-20,0.604,0.604,0.604,1
2017-11-22,-0.24029999999999999,-0.8311,0.7902,3
2017-11-23,0.4782,0.0,0.9564,2
2017-11-24,-0.5833,-0.9123,0.0,3
2017-11-26,-0.9587,-0.9587,-0.9587,1
2017-11-28,0.5295666666666666,0.128,0.8316,3
2017-11-29,-0.2139,-0.2767,-0.1511,2
2017-11-30,-0.8288,-0.8288,-0.8288,1
2017-12-01,0.863,0.7959,0.9301,2
2017-12-02,0.5707,0.5707,0.5707,1
2017-12-04,-0.617,-0.8353,-0.3987,2
2017-12-07,0.3806,-0.743,0.9496,3
2017-12-08,-0.4926,-0.4926,-0.4926,1
2017-12-09,0.918525,0.8832,0.9523,4
2017-12-12,-0.8266,-0.945,-0.7082,2
2017-12-22,0.15564999999999998,-0.1531,0.4644,2
2017-12-27,-0.2062,-0.2062,-0.2062,1
2017-12-28,-0.2595,-0.7726,0.2003,3
2017-12-29,0.6533,0.6533,0.6533,1
2017-12-30,0.1578,-0.4574,0.5093,3
2017-12-31,-0.49615000000000004,-0.68,-0.3123,2
2018-01-01,0.8672,0.8672,0.8672,1
2018-01-02,-0.1448,-0.9414,0.9073,3
2018-01-03,0.21286666666666668,-0.8631,0.9184,3
2018-01-04,0.06639999999999999,-0.1386,0.2714,2
2018-01-07,0.58615,0.5095,0.6628,2
2018-01-10,0.837,0.837,0.837,1
2018-01-12,0.3235,-0.8625,0.9096,4
2018-01-14,-0.719,-0.719,-0.719,1
2018-01-15,-0.025150000000000006,-0.6902,0.6399,2
2018-01-16,0.08495,-0.296,0.4659,2
2018-01-18,0.027700000000000002,-0.3382,0.3936,2
2018-01-19,0.9595,0.9595,0.9595,1
2018-01-20,0.31492,-0.2942,0.9201,5
2018-01-21,-0.17336666666666667,-0.2263,-0.0935,3
2018-01-23,0.8868499999999999,0.8553,0.9184,2
2018-01-24,0.616,0.616,0.616,1
2018-01-28,0.7126,0.7126,0.7126,1
2018-02-05,-0.8619,-0.8619,-0.8619,1
2018-02-06,-0.8316,-0.8316,-0.8316,1
2018-02-07,0.47325,0.0,0.9465,2
2018-02-08,0.46795,0.0,0.9359,2
2018-02-09,0.073125,-0.6114,0.7959,4
2018-02-11,0.9761,0.9761,0.9761,1
2018-02-12,0.8439,0.8439,0.8439,1
2018-02-13,0.8074,0.8074,0.8074,1
2018-02-17,0.2401,0.2401,0.2401,1
2018-02-18,-0.012866666666666693,-0.8807,0.5707,3
2018-02-20,0.9508,0.9508,0.9508,1
2018-02-21,0.9633,0.9633,0.9633,1
2018-02-22,0.028999999999999988,-0.9364,0.743,3
2018-02-27,0.9154,0.9078,0.923,2
2018-02-28,0.7345,0.7345,0.7345,1
2018-03-02,0.46905,0.0,0.9381,2
2018-03-07,0.5551,0.5551,0.5551,1
2018-03-08,0.8579,0.7845,0.9313,2
2018-03-09,0.7353,0.4574,0.9097,3
2018-03-10,0.606375,0.4753,0.8221,4
2018-03-12,0.046550000000000036,-0.8016,0.8947,2
2018-03-13,0.7689,0.5562,0.9816,2
2018-03-14,0.7037,0.4258,0.9816,2
2018-03-16,0.608,0.608,0.608,1
2018-03-18,0.7184,0.7184,0.7184,1
2018-03-21,0.1583,-0.6319,0.9485,2
2018-03-22,0.08343333333333336,-0.9299,0.5984,3
2018-03-23,-0.76185,-0.8647,-0.659,2
2018-03-24,-0.9665,-0.9665,-0.9665,1
2018-03-25,0.53945,0.5378,0.5411,2
2018-03-27,0.25,0.25,0.25,1
2018-03-28,0.23295,-0.3609,0.8268,2
2018-03-31,-0.9567,-0.9567,-0.9567,1
2018-04-01,-0.7974,-0.7974,-0.7974,1
2018-04-02,-0.349,-0.698,0.0,2
2018-04-03,-0.4497,-0.8994,0.0,2
2018-04-04,-0.9324,-0.9324,-0.9324,1
2018-04-05,-0.9302,-0.9302,-0.9302,1
2018-04-06,-0.24190000000000003,-0.936,0.4522,2
2018-04-07,-0.6996,-0.6996,-0.6996,1
2018-04-08,0.22123333333333337,-0.836,0.8409,3
2018-04-09,0.006450000000000011,-0.872,0.8849,2
2018-04-10,0.9498000000000001,0.934,0.9577,3
2018-04-11,-0.362725,-0.7835,0.0038,4
2018-04-12,0.6239,0.6239,0.6239,1
2018-04-14,0.92875,0.8974,0.9601,2
2018-04-15,0.87355,0.8432,0.9039,2
2018-04-16,0.14079999999999998,-0.2003,0.4819,2
2018-04-17,0.12446666666666667,-0.7906,0.824,3
2018-04-18,0.66125,0.5848,0.7377,2
2018-04-19,0.780125,0.6749,0.9117,4
2018-04-20,0.80975,0.7257,0.8938,2
2018-04-21,-0.2481,-0.2481,-0.2481,1
2018-04-22,-0.3536,-0.3536,-0.3536,1
2018-04-24,0.80468,0.7574,0.875,5
2018-04-25,0.4625,0.0,0.925,2
2018-04-27,0.6538,-0.1759,0.9285,5
2018-04-28,-0.34746666666666665,-0.9298,0.6249,3
2018-04-29,0.6141,0.6141,0.6141,1
2018-04-30,-0.7162999999999999,-0.784,-0.6486,2
2018-05-01,0.7600333333333333,0.636,0.8883,3
2018-05-02,-0.48140000000000005,-0.8856,-0.0772,2
2018-05-03,0.22524999999999998,-0.4753,0.9258,2
2018-05-05,0.6948,0.6948,0.6948,1
2018-05-07,-0.40305,-0.8061,0.0,2
2018-05-08,0.15336000000000002,-0.9165,0.8555,5
2018-05-09,0.64495,0.3818,0.9081,2
2018-05-10,-0.9328,-0.9328,-0.9328,1
2018-05-11,-0.7644,-0.7644,-0.7644,1
2018-05-12,0.43205,0.0,0.8641,2
2018-05-13,-0.0015666666666666422,-0.5255,0.901,3
2018-05-14,-0.5225333333333334,-0.784,0.0,3
2018-05-15,0.0,0.0,0.0,1
2018-05-16,0.18111666666666668,-0.4003,0.979,6
2018-05-17,0.23215,0.0,0.4643,2
2018-05-18,0.3122,-0.8957,0.937,3
2018-05-19,0.03115000000000001,-0.8074,0.8697,2
2018-05-21,0.6155666666666667,0.0,0.8213,6
2018-05-23,-0.41500000000000004,-0.92,0.09,2
2018-05-24,0.8316,0.8316,0.8316,1
2018-05-25,0.4454833333333333,-0.6114,0.9591,6
2018-05-26,0.8439,0.8439,0.8439,1
2018-05-28,0.8876,0.8214,0.9538,2
2018-05-29,-0.4749,-0.4749,-0.4749,1
2018-05-30,0.1859,-0.3197,0.8393,4
2018-06-01,0.0,0.0,0.0,1
2018-06-02,0.02200000000000002,-0.6688,0.4404,3
2018-06-04,-0.4909333333333333,-0.7511,-0.2023,3
2018-06-05,0.755275,0.3164,0.9688,4
2018-06-07,-0.14345,-0.8955,0.5267,4
2018-06-08,-0.5456,-0.8748,-0.126,3
2018-06-09,0.94505,0.9425,0.9476,2
2018-06-11,0.6629,0.5242,0.8016,2
2018-06-12,0.7210666666666666,0.2809,0.9559,3
2018-06-13,0.32564000000000004,-0.9119,0.9206,10
2018-06-14,0.9347,0.9347,0.9347,1
2018-06-15,0.3818,0.3818,0.3818,1
2018-06-17,0.7479,0.6354,0.9495,3
2018-06-18,-0.8478,-0.8478,-0.8478,1
2018-06-20,0.6114,0.6114,0.6114,1
2018-06-21,0.87645,0.8313,0.9216,2
2018-06-22,0.3311,-0.2714,0.9336,2
2018-06-25,0.32416666666666666,-0.8765,0.9245,3
2018-06-26,-0.024600000000000028,-0.5187,0.8805,3
2018-06-27,0.9429000000000001,0.9212,0.9646,2
2018-06-28,-0.5859,-0.5859,-0.5859,1
2018-06-29,-0.76865,-0.837,-0.7003,2
2018-06-30,0.35950000000000004,0.3578,0.3612,2
2018-07-01,0.0,0.0,0.0,1
2018-07-02,0.8748,0.8748,0.8748,1
2018-07-03,0.11246000000000003,-0.6808,0.9816,5
2018-07-08,0.16770000000000002,-0.5423,0.8777,2
2018-07-09,0.67555,0.3561,0.9444,4
2018-07-10,-0.15589999999999998,-0.8264,0.6114,8
2018-07-11,0.18132500000000001,-0.8713,0.644,8
2018-07-12,0.15291428571428572,-0.5868,0.9347,7
2018-07-13,0.7569,0.7569,0.7569,1
2018-07-15,-0.3365,-0.8197,0.4588,4
2018-07-16,0.94615,0.934,0.9583,2
2018-07-17,-0.4012,-0.6513,-0.1511,2
2018-07-18,0.463325,-0.8188,0.943,4
2018-07-19,-0.2177,-0.9409,0.6696,3
2018-07-20,-0.0781,-0.7148,0.5586,2
2018-07-21,0.5359333333333334,-0.2188,0.9133,3
2018-07-22,0.6114,0.6114,0.6114,1
2018-07-23,-0.7633,-0.9348,-0.6705,3
2018-07-24,-0.542,-0.6625,-0.4215,2
2018-07-25,0.8723333333333333,0.7644,0.9594,3
2018-07-26,0.022800000000000042,-0.7716,0.8172,2
2018-07-27,0.8607666666666667,0.7495,0.9455,3
2018-07-30,0.7239,0.5423,0.9055,2
2018-07-31,0.6150666666666668,0.0,0.9455,3
2018-08-02,0.90968,0.8718,0.9669,5
2018-08-04,0.318825,-0.6459,0.7351,4
2018-08-05,-0.03275,-0.9002,0.8347,2
2018-08-06,0.5440333333333334,-0.2598,0.9774,3
2018-08-07,0.3871666666666667,-0.5423,0.9118,3
2018-08-08,0.9311333333333334,0.9151,0.951,3
2018-08-09,0.3485,0.3485,0.3485,1
2018-08-10,0.6935,0.6801,0.7069,2
2018-08-13,0.9018666666666667,0.8795,0.938,3
2018-08-14,-0.41335,-0.8172,-0.185,4
2018-08-15,-0.0016500000000000403,-0.9785,0.9752,2
2018-08-16,0.0516,0.0516,0.0516,1
2018-08-17,0.0644,-0.713,0.4926,7
2018-08-18,0.8010999999999999,0.8006,0.8016,2
2018-08-19,-0.9564,-0.9564,-0.9564,1
2018-08-20,-0.016600000000000004,-0.9825,0.9493,2
2018-08-21,0.7128749999999999,0.0,0.9611,4
2018-08-24,0.4955,0.1945,0.8516,3
2018-08-26,0.8268,0.8268,0.8268,1
2018-08-27,0.9117,0.8832,0.9402,2
2018-08-28,-0.2465,-0.2465,-0.2465,1
2018-08-29,0.35952,-0.7184,0.9494,10
2018-08-30,0.9013500000000001,0.8353,0.9674,2
2018-08-31,-0.8481,-0.8481,-0.8481,1
2018-09-01,0.0983,-0.296,0.4926,2
2018-09-02,-0.07799999999999999,-0.6486,0.4926,2
2018-09-03,0.09386000000000001,-0.9125,0.7965,5
2018-09-04,0.06067500000000001,-0.7236,0.8383,4
2018-09-05,-0.006600000000000013,-0.5772,0.5574,3
2018-09-06,0.0,0.0,0.0,1
2018-09-07,0.6793666666666667,0.2558,0.9273,3
2018-09-08,0.8684666666666666,0.7367,0.9628,3
2018-09-09,0.737525,0.5147,0.8979,4
2018-09-10,-0.27352,-0.7574,0.3612,5
2018-09-11,0.9263,0.9263,0.9263,1
2018-09-13,-0.6718,-0.682,-0.6616,2
2018-09-14,-0.44786666666666664,-0.8025,0.0,3
2018-09-15,0.80025,0.6114,0.9447,4
2018-09-17,0.6233,0.5106,0.6996,3
2018-09-18,-0.03859999999999999,-0.8442,0.7901,5
2018-09-19,0.32985,0.0,0.6597,2
2018-09-20,0.43264,0.0,0.9235,5
2018-09-21,-0.04318333333333333,-0.4556,0.6696,6
2018-09-23,0.6696,0.6696,0.6696,1
2018-09-25,0.6689,0.6689,0.6689,1
2018-09-26,-0.4199,-0.4199,-0.4199,1
2018-09-29,-0.501,-0.501,-0.501,1
2018-10-02,0.891,0.891,0.891,1
2018-10-03,0.5166,0.1027,0.9305,2
2018-10-04,0.8198,0.8198,0.8198,1
2018-10-05,-0.8458,-0.8458,-0.8458,1
2018-10-06,0.8777,0.8777,0.8777,1
2018-10-07,0.7959,0.7959,0.7959,1
2018-10-08,0.0,0.0,0.0,1
2018-10-10,0.08193333333333332,-0.6124,0.6468,6
2018-10-13,0.66005,0.4071,0.913,2
2018-10-14,0.4926,0.4926,0.4926,1
2018-10-16,-0.6092,-0.7424,-0.4376,3
2018-10-17,0.454425,-0.6311,0.9441,4
2018-10-18,0.37138,-0.273,0.9537,5
2018-10-19,0.6476,0.6476,0.6476,1
2018-10-20,0.8799333333333333,0.7513,0.9761,3
2018-10-21,0.9402,0.9402,0.9402,1
2018-10-22,-0.5707,-0.5707,-0.5707,1
2018-10-23,0.0,0.0,0.0,1
2018-10-25,-0.08707142857142858,-0.8979,0.972,7
2018-10-26,-0.16606666666666667,-0.8977,0.6124,3
2018-10-27,-0.13887999999999998,-0.9612,0.6696,5
2018-10-29,0.58405,0.203,0.9651,2
2018-10-30,0.8416222222222223,0.555,0.9538,9
2018-10-31,0.016125,-0.7768,0.7055,4
2018-11-01,0.42565,0.0,0.8513,2
2018-11-03,0.60655,-0.4501,0.8805,6
2018-11-04,0.704975,0.5267,0.9436,4
2018-11-05,0.3169,-0.636,0.9299,6
2018-11-06,0.513975,-0.1739,0.9582,8
2018-11-07,0.2944,0.2944,0.2944,1
2018-11-09,0.012914285714285703,-0.7901,0.7574,7
2018-11-10,0.3715,-0.0258,0.7688,2
2018-11-11,0.9248333333333333,0.8885,0.9575,3
2018-11-12,-0.100325,-0.9112,0.9795,4
2018-11-13,-0.5063,-0.8012,0.0,3
2018-11-15,-0.012050000000000005,-0.9577,0.9336,2
2018-11-16,0.8979,0.8979,0.8979,1
2018-11-17,0.7448,0.4199,0.9146,3
2018-11-18,0.9583,0.9583,0.9583,1
2018-11-19,-0.8313,-0.8313,-0.8313,1
2018-11-20,0.9055,0.9055,0.9055,1
2018-11-21,0.5269,0.5269,0.5269,1
2018-11-22,0.19895000000000002,-0.5423,0.9402,2
2018-11-25,0.57474,0.1511,0.8748,5
2018-11-26,-0.05840000000000001,-0.7407,0.6239,2
2018-11-27,0.39354999999999996,0.3595,0.4276,2
2018-11-28,0.9539,0.9271,0.9813,3
2018-11-29,0.4646,0.4199,0.5093,2
2018-12-01,0.8316,0.8316,0.8316,1
2018-12-03,0.64218,0.2263,0.96,5
2018-12-04,0.6478999999999999,0.0387,0.9508,4
2018-12-05,0.28285000000000005,-0.96,0.8221,8
2018-12-06,-0.3595,-0.3595,-0.3595,1
2018-12-07,0.11859999999999997,-0.7529,0.9419,7
2018-12-08,0.5526333333333333,-0.0258,0.9734,6
2018-12-11,0.43708,-0.205,0.9521,5
2018-12-12,-0.16864999999999997,-0.814,0.4767,2
2018-12-14,0.01663333333333335,-0.4416,0.9331,3
2018-12-16,-0.5030333333333333,-0.9783,0.142,3
2018-12-17,0.6893,0.6893,0.6893,1
2018-12-18,-0.3615,-0.6271,0.0,3
2018-12-19,0.55128,-0.6885,0.9349,5
2018-12-20,0.10155714285714283,-0.9078,0.9039,7
2018-12-21,0.07436666666666665,-0.875,0.8788,6
2018-12-22,0.1635,0.1635,0.1635,1
2018-12-23,0.42425714285714283,-0.1421,0.9477,7
2018-12-24,0.35622,-0.0772,0.8834,5
2018-12-25,0.9553,0.9553,0.9553,1
2018-12-26,0.8875,0.8875,0.8875,1
2018-12-27,0.006950000000000012,-0.7206,0.7345,2
2018-12-28,0.9245,0.9245,0.9245,1
2018-12-29,0.09724999999999995,-0.6114,0.8059,2
2018-12-31,0.06136000000000001,-0.9409,0.8652,5
2019-01-01,0.3984666666666667,0.0,0.7739,3
2019-01-03,0.7177,0.7177,0.7177,1
2019-01-04,0.5158,0.2103,0.8213,2
2019-01-06,-0.6494,-0.8648,-0.434,2
2019-01-08,0.7238000000000001,0.3989,0.9841,3
2019-01-09,0.7872,0.7872,0.7872,1
2019-01-10,0.08274999999999999,-0.7845,0.95,2
2019-01-11,0.8516,0.8516,0.8516,1
2019-01-12,-0.7833,-0.9694,-0.5972,2
2019-01-13,-0.72655,-0.8957,-0.5574,2
2019-01-14,0.329425,0.0,0.8424,4
2019-01-19,0.19105,-0.4767,0.8588,2
2019-01-20,0.2309,-0.5267,0.724,4
2019-01-21,-0.06183333333333332,-0.5255,0.34,3
2019-01-22,0.5207499999999999,0.3818,0.6597,2
2019-01-24,-0.22740000000000005,-0.6327,0.4574,3
2019-01-27,0.3989,0.3989,0.3989,1
2019-01-28,0.8138,0.7412,0.8864,2
2019-01-29,-0.7849,-0.7849,-0.7849,1
2019-01-30,-0.2122,-0.8394,0.9697,4
2019-01-31,0.05063333333333334,-0.6476,0.8029,6
2019-02-01,0.022850000000000037,-0.7404,0.7861,2
2019-02-03,0.1751,0.1751,0.1751,2
2019-02-04,0.7777,0.7777,0.7777,1
2019-02-05,0.23765,0.0,0.4753,2
2019-02-08,0.5987,0.4019,0.7955,2
2019-02-09,0.5532600000000001,-0.1027,0.9678,5
2019-02-10,-0.00623333333333335,-0.8113,0.4003,3
2019-02-11,-0.5267,-0.5267,-0.5267,1
2019-02-12,0.25,0.25,0.25,1
2019-02-13,0.9107,0.9107,0.9107,1
2019-02-15,-0.4767,-0.4767,-0.4767,1
2019-02-17,0.7776000000000001,0.6696,0.8856,2
2019-02-18,-0.1776,-0.1776,-0.1776,1
2019-02-20,-0.7089,-0.7089,-0.7089,1
2019-02-21,0.9453,0.9453,0.9453,1
2019-02-22,-0.4633,-0.4633,-0.4633,1
2019-02-24,0.6766833333333334,0.0,0.9062,6
2019-02-25,0.2641428571428571,-0.534,0.7574,7
2019-02-26,0.807,0.807,0.807,1
2019-02-27,0.375,-0.831,0.9726,4
2019-03-01,0.7939,0.4404,0.9639,4
2019-03-02,0.7184,0.7184,0.7184,1
2019-03-03,0.5377,0.5377,0.5377,1
2019-03-04,-0.251,-0.8806,0.7964,3
2019-03-06,-0.8588,-0.8588,-0.8588,1
2019-03-08,-0.8819,-0.8819,-0.8819,1
2019-03-11,0.4914,0.4914,0.4914,1
2019-03-13,-0.15749999999999997,-0.8521,0.9644,3
2019-03-14,0.2325,-0.5848,0.807,3
2019-03-15,0.38596666666666674,-0.417,0.9653,3
2019-03-16,0.89775,0.8431,0.9524,2
2019-03-17,0.9485,0.9485,0.9485,1
2019-03-18,-0.18070000000000003,-0.9462,0.5848,2
2019-03-20,0.914,0.914,0.914,1
2019-03-22,0.4767,0.4767,0.4767,1
2019-03-27,0.8082,0.7083,0.9081,2
2019-03-28,0.5962,0.5962,0.5962,1
2019-03-29,0.8777,0.8777,0.8777,1
2019-03-30,-0.2481,-0.2481,-0.2481,1
2019-04-02,0.3427,-0.6842,0.891,4
2019-04-04,0.6557,0.6557,0.6557,1
2019-04-05,0.9392,0.9392,0.9392,1
2019-04-09,-0.3237,-0.3237,-0.3237,1
2019-04-11,-0.1779,-0.1779,-0.1779,1
2019-04-13,0.8195,0.7351,0.9039,2
2019-04-17,0.8619,0.8619,0.8619,1
2019-04-19,-0.6369,-0.6369,-0.6369,1
2019-04-21,-0.75895,-0.8985,-0.6194,2
2019-04-22,-0.30746666666666667,-0.9224,0.0,3
2019-04-23,0.32705,-0.9484,0.9231,4
2019-04-24,-0.2882,-0.8459,0.2695,2
2019-04-25,-0.3592,-0.7184,0.0,2
2019-04-26,-0.6239,-0.6239,-0.6239,1
2019-04-29,0.88255,0.8612,0.9039,2
2019-04-30,0.23099999999999998,-0.8225,0.7655,3
2019-05-01,0.020540000000000003,-0.6597,0.6369,5
2019-05-02,0.3818,0.3818,0.3818,1
2019-05-03,0.5645666666666667,0.0,0.9399,3
2019-05-05,0.29684000000000005,-0.34,0.7506,5
2019-05-06,0.12836000000000003,-0.6597,0.923,5
2019-05-08,0.6988,0.4215,0.9152,6
2019-05-09,0.5461,0.5461,0.5461,1
2019-05-10,0.3131611111111111,-0.7861,0.9741,18
2019-05-11,-0.029747058823529408,-0.9022,0.7717,17
2019-05-12,-0.04311428571428571,-0.9771,0.8561,7
2019-05-13,-0.240125,-0.866,0.7424,12
2019-05-14,0.5568083333333333,-0.6239,0.9459,12
2019-05-15,0.5423,0.5423,0.5423,1
2019-05-16,0.937,0.937,0.937,1
2019-05-17,-0.7565,-0.833,-0.68,2
2019-05-18,0.969,0.969,0.969,1
2019-05-19,-0.19440000000000002,-0.466,0.0772,2
2019-05-20,0.07192000000000001,-0.6581,0.9391,5
2019-05-21,0.1986,0.1986,0.1986,1
2019-05-22,0.6064,0.25,0.9628,2
2019-05-23,0.24050000000000002,-0.4389,0.9199,2
2019-05-24,0.52462,-0.8921,0.9092,5
2019-05-25,0.11268750000000001,-0.7482,0.8478,8
2019-05-26,0.63735,0.3182,0.9565,2
2019-05-27,0.91855,0.9059,0.9312,2
2019-05-30,0.2901,-0.2714,0.8516,2
2019-05-31,0.4001,0.4001,0.4001,1
2019-06-01,0.22394999999999998,-0.4767,0.9246,2
2019-06-02,-0.8962,-0.8962,-0.8962,1
2019-06-03,-0.09035000000000001,-0.267,0.0863,2
2019-06-05,0.8116,0.8116,0.8116,1
2019-06-06,0.8264,0.8264,0.8264,1
2019-06-07,0.12924999999999998,-0.267,0.5255,2
2019-06-08,0.5707,0.5707,0.5707,1
2019-06-09,-0.5994,-0.5994,-0.5994,1
2019-06-11,0.3895,0.0,0.779,2
2019-06-13,0.031062499999999993,-0.6753,0.9342,8
2019-06-14,0.12489999999999998,-0.6442,0.9355,4
2019-06-15,-0.491775,-0.5719,-0.3724,4
2019-06-16,-0.7210000000000001,-0.8204,-0.6216,2
2019-06-17,0.0,0.0,0.0,1
2019-06-18,0.38418,-0.902,0.9186,5
2019-06-19,0.4753,0.4753,0.4753,1
2019-06-20,-0.4534,-0.4534,-0.4534,1
2019-06-21,0.06614999999999999,-0.6696,0.8019,2
2019-06-22,0.28145,-0.3915,0.9825,4
2019-06-23,0.7929,0.7929,0.7929,1
2019-06-24,-0.28900000000000003,-0.8043,0.2263,2
2019-06-25,0.25293333333333334,-0.8331,0.9695,9
2019-06-26,0.30845,-0.8694,0.9025,4
2019-06-27,0.46705,0.2942,0.6399,2
2019-06-28,0.5974,0.5974,0.5974,1
2019-06-29,0.6385666666666666,0.3868,0.8496,6
2019-07-01,0.9272,0.9272,0.9272,1
2019-07-02,0.6935,0.4773,0.9097,2
2019-07-03,-0.04845999999999999,-0.5562,0.9108,5
2019-07-04,0.902,0.902,0.902,1
2019-07-05,0.4587666666666667,0.0,0.765,3
2019-07-06,0.318,0.318,0.318,1
2019-07-07,-0.9497,-0.9497,-0.9497,1
2019-07-09,-0.7678,-0.7678,-0.7678,1
2019-07-10,0.37859999999999994,-0.6689,0.939,5
2019-07-11,0.4947000000000001,-0.3595,0.9244,3
2019-07-12,0.313,0.0,0.939,3
2019-07-13,0.07635999999999998,-0.5994,0.4215,5
2019-07-15,-0.007119999999999993,-0.743,0.6369,5
2019-07-16,0.0,0.0,0.0,1
2019-07-17,-0.03139999999999996,-0.7777,0.9098,3
2019-07-18,-0.5267,-0.5267,-0.5267,1
2019-07-20,0.20876666666666666,0.0,0.4019,3
2019-07-22,-0.47502500000000003,-0.9606,0.6588,4
2019-07-23,0.5702999999999999,0.2481,0.818,5
2019-07-24,-0.9602,-0.9602,-0.9602,1
2019-07-25,0.764725,0.4939,0.8695,4
2019-07-26,0.30036,-0.4389,0.8687,5
2019-07-27,0.4574,0.4574,0.4574,1
2019-07-29,0.44766666666666666,-0.3788,0.8353,6
2019-07-30,-0.091425,-0.9131,0.6808,4
2019-07-31,0.226275,-0.1531,0.8066,4
2019-08-01,0.4464166666666667,-0.1666,0.9151,6
2019-08-02,0.6562,0.3948,0.9273,3
2019-08-03,0.0002500000000000002,-0.4939,0.4944,2
2019-08-04,-0.8186,-0.8186,-0.8186,2
2019-08-05,-0.46163333333333334,-0.8278,0.2003,3
2019-08-06,0.5723800000000001,-0.2003,0.9492,5
2019-08-07,0.5174,-0.7759,0.9509,6
2019-08-08,0.23185,-0.3919,0.8556,2
2019-08-10,0.7899,0.7892,0.7906,2
2019-08-11,0.9006,0.9006,0.9006,1
2019-08-12,-0.019499999999999993,-0.4775,0.7351,6
2019-08-13,0.2994,-0.2105,0.8221,7
2019-08-14,0.5525,-0.3489,0.8814,6
2019-08-15,-0.07151666666666667,-0.7345,0.6369,6
2019-08-16,0.23759999999999998,-0.2498,0.725,2
2019-08-18,0.10536666666666665,-0.9462,0.8634,3
2019-08-19,0.6195999999999999,0.0,0.8709,4
2019-08-20,0.921,0.921,0.921,1
2019-08-21,0.11154,-0.5731,0.8172,5
2019-08-22,0.8439,0.8439,0.8439,1
2019-08-23,0.05340000000000002,-0.8122,0.8481,10
2019-08-24,0.06996,-0.7177,0.6588,5
2019-08-25,-0.2775,-0.555,0.0,2
2019-08-26,-0.8409,-0.8409,-0.8409,1
2019-08-27,-0.46088000000000007,-0.717,0.4389,5
2019-08-28,0.646,0.646,0.646,1
2019-08-29,0.22795,-0.296,0.7519,2
2019-08-30,0.44,-0.3089,0.872,3
2019-08-31,0.25165,-0.7401,0.9571,14
2019-09-01,-0.044571428571428574,-0.5267,0.5093,7
2019-09-02,-0.012724999999999986,-0.9348,0.8839,4
2019-09-03,0.3255285714285714,-0.4215,0.9577,7
2019-09-04,0.17727777777777778,-0.6412,0.8436,9
2019-09-05,0.3862333333333334,-0.4767,0.9187,3
2019-09-06,-0.08983333333333333,-0.2695,0.0,3
2019-09-07,-0.22103333333333333,-0.5859,0.0,3
2019-09-08,-0.7456,-0.7456,-0.7456,1
2019-09-09,0.42438571428571426,0.0,0.8625,7
2019-09-10,0.9023,0.9023,0.9023,1
2019-09-11,0.42287777777777774,-0.1761,0.9117,9
2019-09-12,0.0,0.0,0.0,2
2019-09-13,0.8225,0.8225,0.8225,1
2019-09-14,0.49295,0.4753,0.5106,2
2019-09-15,-0.64255,-0.8036,-0.4767,4
2019-09-16,-0.40205,-0.7371,-0.067,2
2019-09-17,-0.923,-0.923,-0.923,1
2019-09-18,0.42346000000000006,-0.6705,0.9182,5
2019-09-20,0.65045,0.3716,0.9293,2
2019-09-22,0.32295,-0.2057,0.8516,2
2019-09-23,-0.27090000000000003,-0.7862,0.2444,2
2019-09-24,0.9475,0.9475,0.9475,1
2019-09-25,0.030199999999999966,-0.5994,0.69,3
2019-09-26,0.22784,-0.5423,0.9601,5
2019-09-27,-0.1511,-0.1511,-0.1511,1
2019-09-28,0.4008,0.0,0.8016,2
2019-09-30,0.4572285714285714,-0.8616,0.9691,7
2019-10-01,0.562175,0.4164,0.6476,4
2019-10-02,0.86375,0.8547,0.8728,2
2019-10-03,0.501775,0.0,0.9062,4
2019-10-04,-0.8908,-0.8908,-0.8908,1
2019-10-05,0.027039999999999998,-0.3612,0.5696,5
2019-10-06,0.11962999999999999,-0.6514,0.8553,10
2019-10-07,-0.26311666666666667,-0.8555,0.6815,6
2019-10-08,0.11954285714285715,-0.7096,0.8453,7
2019-10-09,-0.26382,-0.9041,0.7269,5
2019-10-10,-0.23688571428571428,-0.9317,0.8225,7
2019-10-11,0.44785,-0.3563,0.9824,6
2019-10-12,-0.08636666666666665,-0.9551,0.902,9
2019-10-13,-0.05876666666666667,-0.953,0.729,6
2019-10-14,0.013559999999999994,-0.6652,0.8516,5
2019-10-15,0.3186666666666667,-0.8581,0.9594,3
2019-10-16,0.9543,0.9543,0.9543,1
2019-10-17,-0.03248333333333331,-0.9216,0.9665,6
2019-10-19,-0.1308666666666667,-0.4767,0.5245,3
2019-10-20,0.40123333333333333,-0.2519,0.8281,3
2019-10-22,0.0857,-0.5499,0.807,3
2019-10-23,-0.06354999999999998,-0.8188,0.93,6
2019-10-25,0.5930714285714285,-0.5348,0.9831,7
2019-10-26,0.62388,0.126,0.9458,5
2019-10-27,0.5994,0.5994,0.5994,1
2019-10-28,0.8755,0.8755,0.8755,1
2019-10-29,-0.63194,-0.9001,-0.3182,5
2019-10-30,0.4093,-0.5255,0.8814,6
2019-10-31,0.69225,0.5411,0.8434,2
2019-11-01,-0.23254999999999998,-0.5911,0.126,2
2019-11-02,0.10909999999999997,-0.4215,0.9511,3
2019-11-03,0.03655000000000003,-0.8762,0.9493,2
2019-11-04,0.021437499999999988,-0.6106,0.9511,8
2019-11-05,0.1370555555555556,-0.8074,0.8357,9
2019-11-06,-0.4199,-0.8398,0.0,2
2019-11-07,-0.018849999999999978,-0.7269,0.6892,2
2019-11-08,0.45905,0.1531,0.765,2
2019-11-09,-0.30412500000000003,-0.802,0.1793,4
2019-11-10,0.08762500000000001,-0.5023,0.6493,4
2019-11-11,0.36975,-0.5938,0.8398,4
2019-11-12,-0.5972,-0.5972,-0.5972,1
2019-11-13,-0.64455,-0.886,-0.4031,2
2019-11-14,0.0,0.0,0.0,1
2019-11-15,0.13328571428571429,-0.5423,0.9258,7
2019-11-16,0.47675,-0.3182,0.8772,4
2019-11-17,0.4805333333333333,-0.126,0.92,3
2019-11-18,0.8221,0.8221,0.8221,2
2019-11-19,-0.06673333333333333,-0.4956,0.2003,3
2019-11-20,0.3353333333333333,0.0,0.9802,3
2019-11-21,-0.6423333333333333,-0.8516,-0.5057,3
2019-11-23,0.3998,0.1027,0.6969,2
2019-11-24,-0.07932,-0.6467,0.8979,5
2019-11-26,-0.11480000000000001,-0.6249,0.7777,4
2019-11-29,0.9067,0.9067,0.9067,1
2019-11-30,-0.22983333333333333,-0.7563,0.5256,3
2019-12-02,0.15109999999999998,-0.7733,0.6766,5
2019-12-03,0.32989999999999997,-0.4939,0.9027,7
2019-12-04,0.6124222222222222,0.0,0.9587,9
2019-12-05,0.3216,-0.0449,0.4842,4
2019-12-06,-0.0072666666666666435,-0.5676,0.9673,3
2019-12-07,0.264775,-0.7783,0.9551,8
2019-12-08,0.07838571428571431,-0.7263,0.8473,14
2019-12-09,0.4199,0.4199,0.4199,1
2019-12-10,0.5300333333333334,0.4939,0.5562,3
2019-12-11,0.60885,0.3382,0.7156,4
2019-12-12,0.035739999999999994,-0.4404,0.5707,5
2019-12-13,0.43329999999999996,-0.5974,0.9279,4
2019-12-14,0.028699999999999993,-0.2595,0.6625,5
2019-12-15,0.157675,-0.7672,0.8258,4
2019-12-16,0.038849999999999996,-0.7506,0.8957,4
2019-12-17,0.6175200000000001,-0.4019,0.915,5
2019-12-18,0.14479999999999998,-0.0936,0.8176,5
2019-12-19,-0.1366,-0.2732,0.0,2
2019-12-20,0.5187,-0.3595,0.953,5
2019-12-21,0.7023,0.128,0.9579,6
2019-12-22,0.7269,0.7269,0.7269,1
2019-12-23,0.17878,-0.296,0.8399,5
2019-12-24,-0.6002,-0.6002,-0.6002,1
2019-12-25,-0.7269,-0.7269,-0.7269,1
2019-12-26,-0.714125,-0.9134,-0.235,4
2019-12-27,0.2666545454545455,-0.6276,0.9816,11
2019-12-29,-0.9413,-0.9413,-0.9413,1
2019-12-31,0.3706666666666667,-0.3816,0.8932,9
2020-01-01,0.36334,-0.4215,0.8388,5
2020-01-02,0.6696,0.6696,0.6696,1
2020-01-03,-0.26616153846153845,-0.9052,0.705,13
2020-01-04,-0.42210000000000003,-0.9486,0.2771,4
2020-01-05,0.21873333333333336,-0.6476,0.9028,3
2020-01-06,-0.3595,-0.3595,-0.3595,1
2020-01-07,-0.02571111111111111,-0.8689,0.7082,9
2020-01-08,0.878,0.878,0.878,1
2020-01-09,0.036585714285714284,-0.8999,0.6249,7
2020-01-10,0.1409,-0.7906,0.9274,12
2020-01-11,0.091275,-0.9422,0.836,4
2020-01-12,-0.042962500000000015,-0.8172,0.891,8
2020-01-13,-0.27978333333333333,-0.8883,0.9167,12
2020-01-14,0.0,0.0,0.0,1
2020-01-15,0.21939999999999998,-0.4939,0.68,4
2020-01-16,0.3326142857142857,-0.4588,0.8993,7
2020-01-17,0.2927285714285714,-0.3164,0.7731,7
2020-01-18,0.0332,0.0332,0.0332,1
2020-01-19,0.8829,0.8829,0.8829,1
2020-01-21,0.8652000000000001,0.8222,0.9483,3
2020-01-22,0.0559909090909091,-0.8519,0.9336,11
2020-01-23,0.8718,0.8718,0.8718,1
2020-01-24,0.16015000000000001,-0.6597,0.9324,8
2020-01-25,0.004435714285714281,-0.7506,0.7579,14
2020-01-26,0.057925000000000004,-0.3614,0.8313,4
2020-01-27,0.2524666666666667,0.0,0.7574,3
2020-01-28,0.15766666666666665,-0.7264,0.8805,6
2020-01-29,0.3013857142857143,-0.9099,0.9013,7
2020-01-30,0.4659142857142857,-0.4646,0.9669,7
2020-01-31,0.6244000000000001,0.4404,0.8084,2
2020-02-02,0.064,0.0,0.128,2
2020-02-03,0.6808000000000001,0.4941,0.8675,2
2020-02-04,-0.18296666666666664,-0.6769,0.128,3
2020-02-05,-0.2553,-0.5106,0.0,2
2020-02-07,0.13853749999999998,-0.658,0.9571,8
2020-02-08,0.22282000000000002,-0.4588,0.6486,10
2020-02-09,-0.1097153846153846,-0.9304,0.9098,13
2020-02-10,0.7713666666666666,0.5719,0.9136,3
2020-02-11,0.012750000000000015,-0.5574,0.7213,4
2020-02-12,0.3951777777777778,-0.623,0.9642,9
2020-02-13,0.6239,0.6239,0.6239,1
2020-02-14,0.8022363636363636,-0.0953,0.97,11
2020-02-15,-0.1288,-0.8079,0.4215,3
2020-02-17,0.854,0.854,0.854,1
2020-02-18,0.38820000000000005,-0.0093,0.9565,6
2020-02-19,-0.33085,-0.3802,-0.2815,2
2020-02-20,0.46180000000000004,-0.474,0.9381,4
2020-02-21,0.18076666666666666,0.0,0.5423,3
2020-02-22,0.86065,0.8172,0.9041,2
2020-02-23,0.7537,0.7424,0.765,2
2020-02-26,0.0,0.0,0.0,1
2020-02-27,0.9639,0.9639,0.9639,1
2020-02-28,0.3527666666666667,-0.8271,0.9497,3
2020-02-29,0.00039999999999995595,-0.9401,0.9409,2
2020-03-01,0.8832,0.8832,0.8832,1
2020-03-02,0.3055,-0.4939,0.9195,7
2020-03-03,0.58645,0.3744,0.9494,4
2020-03-04,0.6324,0.339,0.9555,5
2020-03-05,-0.24172,-0.7644,0.509,5
2020-03-06,0.75525,0.7388,0.7717,2
2020-03-08,0.340825,0.0,0.5411,4
2020-03-09,0.35002500000000003,-0.807,0.9413,8
2020-03-10,0.8002,0.7592,0.8412,2
2020-03-11,0.9732,0.9732,0.9732,1
2020-03-12,-0.01943333333333333,-0.6486,0.7906,3
2020-03-13,-0.14854,-0.743,0.8356,5
2020-03-14,0.01465000000000001,-0.3818,0.4404,4
2020-03-15,0.7795,0.7574,0.8016,2
2020-03-17,-0.038000000000000006,-0.4869,0.4019,4
2020-03-18,0.022500000000000006,-0.7684,0.9049,4
2020-03-19,0.0,0.0,0.0,1
2020-03-20,-0.12726666666666667,-0.3818,0.0,3
2020-03-22,0.14502857142857142,-0.7096,0.6369,7
2020-03-23,0.70512,0.5423,0.888,5
2020-03-24,-0.2723333333333333,-0.5859,0.1984,3
2020-03-25,0.47375999999999996,-0.0772,0.9467,5
2020-03-26,-0.4869,-0.4869,-0.4869,1
2020-03-27,0.5855250000000001,0.2003,0.9624,4
2020-03-28,-0.05124999999999999,-0.7269,0.9297,4
2020-03-29,-0.2811,-0.9552,0.9245,3
2020-03-30,0.4019,0.4019,0.4019,1
2020-03-31,0.0,0.0,0.0,1
2020-04-01,-0.7039,-0.9325,-0.4753,2
2020-04-02,0.3452,0.3452,0.3452,1
2020-04-03,0.4681,-0.4528,0.9737,4
2020-04-04,-0.592,-0.6908,-0.4019,3
2020-04-05,-0.2023,-0.2023,-0.2023,1
2020-04-06,0.0,0.0,0.0,1
2020-04-07,0.41440000000000005,0.0,0.882,3
2020-04-08,0.35645,0.0,0.9165,4
2020-04-09,-0.636,-0.636,-0.636,1
2020-04-10,0.04033333333333333,-0.6369,0.807,9
2020-04-11,-0.19593333333333338,-0.8363,0.8762,6
2020-04-12,-0.18764444444444445,-0.8858,0.4389,9
2020-04-13,-0.6190666666666667,-0.9286,0.0,3
2020-04-14,-0.13710000000000003,-0.6124,0.3382,2
2020-04-15,0.9047,0.9047,0.9047,1
2020-04-16,-0.5411,-0.5411,-0.5411,1
2020-04-17,-0.5411,-0.5411,-0.5411,1
2020-04-18,0.21546,-0.7506,0.902,15
2020-04-19,0.10535,-0.6124,0.8567,8
2020-04-21,0.57116,0.0,0.9439,5
2020-04-22,-0.3715,-0.743,0.0,2
2020-04-23,0.5994,0.0,0.8716,4
2020-04-24,0.26775,0.128,0.4075,2
2020-04-25,0.07164999999999999,-0.7959,0.9392,2
2020-04-26,0.34,0.34,0.34,2
2020-04-27,-0.6124,-0.6124,-0.6124,1
2020-04-29,-0.28165999999999997,-0.7096,0.3612,5
2020-04-30,0.436975,0.0343,0.9325,4
2020-05-01,0.36065714285714284,-0.8111,0.9439,7
2020-05-02,-0.393725,-0.908,-0.0387,4
2020-05-03,0.07993333333333334,-0.7206,0.552,3
2020-05-04,0.44506666666666667,-0.3664,0.8703,3
2020-05-05,0.4396,0.0,0.7351,3
2020-05-06,0.6808,0.6808,0.6808,1
2020-05-07,0.9245,0.9245,0.9245,1
2020-05-08,0.5485,0.1531,0.9439,2
2020-05-10,-0.175975,-0.9337,0.34,8
2020-05-11,0.47144285714285716,-0.5859,0.9439,7
2020-05-12,0.1937,-0.8912,0.8396,4
2020-05-13,0.6696,0.6696,0.6696,1
2020-05-14,-0.3957,-0.7914,0.0,2
2020-05-15,0.16263333333333332,-0.4588,0.9467,3
2020-05-16,0.160175,-0.3182,0.8687,8
2020-05-17,0.6460333333333333,0.2263,0.8854,3
2020-05-18,0.69865,0.6369,0.7604,2
2020-05-19,0.0,0.0,0.0,1
2020-05-20,0.246925,-0.902,0.8016,4
2020-05-21,0.152625,-0.9246,0.68,4
2020-05-22,0.38617,-0.7126,0.8392,10
2020-05-23,-0.273225,-0.8052,0.25,4
2020-05-24,0.02034999999999998,-0.3612,0.4019,2
2020-05-25,-0.06806666666666665,-0.6027,0.924,3
2020-05-26,-0.36835,-0.636,-0.1007,2
2020-05-27,-0.0422,-0.7901,0.5183,5
2020-05-28,0.004500000000000004,-0.7573,0.7829,4
2020-05-29,-0.06420000000000001,-0.9344,0.4295,4
2020-05-30,-0.73535,-0.9648,-0.2568,4
2020-06-02,0.10665,-0.8591,0.8903,8
2020-06-03,0.20939999999999998,-0.1531,0.5719,2
2020-06-04,0.44429285714285716,-0.5994,0.9665,14
2020-06-05,0.23575294117647055,-0.802,0.9806,34
2020-06-06,-0.018219999999999993,-0.5878,0.9102,5
2020-06-07,0.35873571428571427,-0.8932,0.9752,14
2020-06-08,-0.98,-0.98,-0.98,1
2020-06-09,0.5665,0.0,0.8715,3
2020-06-10,0.8615333333333334,0.8016,0.9609,3
2020-06-11,0.6481,-0.5267,0.9381,13
2020-06-12,0.032766666666666666,-0.4724,0.5707,3
2020-06-13,-0.010916666666666686,-0.8827,0.8934,6
2020-06-14,0.4138,0.0,0.7003,3
2020-06-15,-0.9475,-0.9475,-0.9475,1
2020-06-16,0.44262500000000005,-0.3182,0.9693,4
2020-06-18,0.45666923076923077,-0.9336,0.9508,13
2020-06-19,0.7419,0.4278,0.9097,4
2020-06-20,-0.8288,-0.9313,-0.7263,2
2020-06-22,0.4205833333333333,-0.9004,0.8828,6
2020-06-23,0.34946666666666665,-0.4199,0.8207,3
2020-06-24,-0.11303333333333332,-0.7096,0.9677,3
2020-06-25,0.3645,0.0,0.729,2
2020-06-28,-0.7179,-0.7179,-0.7179,1
2020-06-29,0.15401666666666666,-0.5574,0.9634,6
2020-06-30,-0.6185,-0.8988,-0.3382,2
2020-07-01,-0.04024999999999999,-0.5826,0.8718,6
2020-07-02,-0.55375,-0.9047,0.1278,4
2020-07-03,0.9339333333333334,0.865,0.9761,3
2020-07-04,0.48595,0.0,0.9719,2
2020-07-05,-0.5255,-0.5255,-0.5255,1
2020-07-06,-0.28205,-0.893,0.6168,8
2020-07-07,-0.6181,-0.6181,-0.6181,1
2020-07-08,0.8456,0.8456,0.8456,1
2020-07-09,0.5562,0.5562,0.5562,1
2020-07-10,0.6476,0.6476,0.6476,1
2020-07-11,-0.24680000000000002,-0.7351,0.0,4
2020-07-12,0.0,0.0,0.0,1
2020-07-13,0.9258,0.9258,0.9258,1
2020-07-14,0.6730499999999999,0.5616,0.7845,2
2020-07-15,0.18228,-0.8516,0.9447,5
2020-07-16,0.9399,0.9399,0.9399,1
2020-07-17,-0.8197000000000001,-0.9493,-0.6901,2
2020-07-18,-0.35731999999999997,-0.802,0.0,5
2020-07-20,0.4753,0.4753,0.4753,1
2020-07-21,-0.013050000000000006,-0.5271,0.501,2
2020-07-23,-0.14258749999999998,-0.6597,0.6571,8
2020-07-24,0.8928,0.8928,0.8928,1
2020-07-25,0.9454,0.9454,0.9454,1
2020-07-26,0.07300000000000001,-0.4102,0.5562,2
2020-07-27,0.203672,-0.6249,0.9197,25
2020-07-28,0.265575,0.0,0.4939,4
2020-07-29,-0.019949999999999985,-0.8591,0.6114,6
2020-07-30,-0.774,-0.774,-0.774,1
2020-07-31,-0.9067,-0.9067,-0.9067,1
2020-08-02,0.21135714285714285,-0.974,0.893,14
2020-08-03,-0.284225,-0.6114,0.0,4
2020-08-05,0.5674,0.5674,0.5674,1
2020-08-06,-0.21783333333333332,-0.5255,0.0,3
2020-08-07,0.06428333333333332,-0.6696,0.9752,6
2020-08-08,-0.5267,-0.5267,-0.5267,1
2020-08-10,0.6122,0.5255,0.6989,2
2020-08-11,0.4003,0.4003,0.4003,1
2020-08-12,0.8807600000000001,0.7339,0.9505,5
2020-08-13,0.84885,0.7897,0.908,2
2020-08-14,0.34831428571428574,-0.7906,0.9546,14
2020-08-15,0.4458,0.0,0.8916,2
2020-08-16,0.45055,0.0,0.9196,4
2020-08-18,-0.03178888888888889,-0.6908,0.9001,9
2020-08-19,0.6047,0.3612,0.8482,2
2020-08-20,-0.19119999999999998,-0.8225,0.3612,5
2020-08-22,-0.775,-0.775,-0.775,1
2020-08-23,-0.65125,-0.9006,-0.4019,2
2020-08-25,-0.5267,-0.5267,-0.5267,1
2020-08-26,0.2404,0.2404,0.2404,1
2020-08-29,-0.4717,-0.5822,-0.3612,2
2020-08-30,-0.18312,-0.5267,0.4179,5
2020-08-31,0.0,0.0,0.0,1
2020-09-01,0.18996666666666664,-0.7003,0.9361,6
2020-09-02,-0.008300000000000002,-0.6956,0.5093,4
2020-09-03,-0.3957,-0.9531,0.3612,5
2020-09-04,-0.030549999999999994,-0.956,0.9055,4
2020-09-05,-0.2780857142857143,-0.9164,0.8697,14
2020-09-06,-0.08773333333333333,-0.5574,0.2942,3
2020-09-07,-0.24808888888888891,-0.891,0.636,9
2020-09-08,-0.18357857142857142,-0.9169,0.7057,14
2020-09-09,0.40935000000000005,-0.6369,0.9157,6
2020-09-10,0.135575,-0.8962,0.8948,8
2020-09-11,0.43305,0.2942,0.5719,2
2020-09-12,0.053133333333333345,-0.9571,0.7712,3
2020-09-13,0.24895000000000003,-0.9158,0.9624,4
2020-09-14,-0.09056666666666664,-0.6486,0.9501,6
2020-09-15,-0.6824,-0.9829,-0.2942,3
2020-09-16,-0.45533333333333337,-0.7184,0.0,3
2020-09-17,-0.2436,-0.893,0.8619,3
2020-09-18,0.25197777777777774,-0.9092,0.9661,18
2020-09-20,0.04572499999999999,-0.6361,0.729,4
2020-09-21,0.439375,-0.2263,0.8914,4
2020-09-22,0.3897,-0.128,0.884,8
2020-09-23,0.04964999999999997,-0.8816,0.9809,2
2020-09-25,0.033225000000000005,-0.5719,0.7456,4
2020-09-27,0.31452222222222226,-0.7268,0.8689,9
2020-09-28,0.0,0.0,0.0,1
2020-09-29,0.0,0.0,0.0,2
2020-09-30,-0.032549999999999996,-0.6486,0.7096,6
2020-10-01,-0.29194,-0.4019,-0.126,5
2020-10-04,0.4753,0.4753,0.4753,1
2020-10-05,0.740575,0.4926,0.8398,4
2020-10-06,0.6791750000000001,0.4199,0.9392,4
2020-10-07,0.24814999999999998,-0.4588,0.95,6
2020-10-08,0.6588,0.6588,0.6588,1
2020-10-09,0.08881999999999998,-0.8433,0.7512,5
2020-10-11,0.7388,0.6333,0.8392,3
2020-10-12,-0.012499999999999999,-0.8553,0.9532,9
2020-10-13,-0.07812727272727273,-0.9658,0.9429,11
2020-10-14,0.9331,0.8866,0.9796,2
2020-10-15,0.09841428571428572,-0.4939,0.9876,7
2020-10-16,0.2029181818181818,-0.7906,0.8481,11
2020-10-17,0.47241428571428573,-0.3164,0.9461,7
2020-10-18,-0.18915,-0.5562,0.1779,2
2020-10-19,0.8221,0.8221,0.8221,1
2020-10-21,0.4689857142857143,0.0,0.8928,7
2020-10-22,0.0,0.0,0.0,1
2020-10-23,0.47214999999999996,0.2635,0.6808,2
2020-10-24,0.8918,0.8918,0.8918,1
2020-10-25,0.4258,0.0,0.7955,5
2020-10-26,-0.2606,-0.2606,-0.2606,1
2020-10-27,0.287675,-0.5599,0.9709,4
2020-10-29,0.027549999999999963,-0.8748,0.9299,2
2020-10-30,0.20655,-0.5859,0.9595,4
2020-10-31,0.4514846153846154,-0.9593,0.9694,13
2020-11-01,0.8279,0.8279,0.8279,1
2020-11-02,-0.1821,-0.946,0.9663,12
2020-11-03,-0.16724999999999998,-0.981,0.6114,4
2020-11-06,-0.2891666666666666,-0.3736,-0.1759,3
2020-11-07,-0.474,-0.474,-0.474,1
2020-11-09,0.8718,0.8718,0.8718,1
2020-11-10,0.8254,0.8254,0.8254,2
2020-11-11,-0.28853333333333336,-0.7455,-0.0258,3
2020-11-12,-0.30845,-0.7449,0.128,2
2020-11-13,0.19945,0.0,0.3989,2
2020-11-14,0.21309999999999998,-0.2732,0.7845,3
2020-11-15,-0.3685125,-0.8955,0.9631,8
2020-11-16,-0.23586000000000001,-0.8442,0.9312,5
2020-11-18,-0.12926666666666667,-0.9762,0.9702,3
2020-11-19,-0.07925000000000001,-0.4767,0.3182,2
2020-11-21,0.2357,0.2357,0.2357,1
2020-11-22,-0.5329333333333333,-0.6093,-0.3802,3
2020-11-23,0.4608,0.4608,0.4608,1
2020-11-25,0.052324999999999997,-0.3151,0.5244,4
2020-11-26,0.3278333333333333,-0.25,0.6476,3
2020-11-27,0.15616666666666668,-0.5267,0.8523,6
2020-11-30,0.7562,0.7562,0.7562,1
2020-12-01,-0.003249999999999989,-0.4263,0.7951,4
2020-12-02,0.43742000000000003,-0.1223,0.9764,5
2020-12-03,0.8974,0.8974,0.8974,1
2020-12-04,0.20452857142857142,-0.7345,0.7473,7
2020-12-06,0.13721666666666668,-0.4588,0.8949,6
2020-12-08,0.3433,-0.2103,0.6229,7
2020-12-09,-0.5229,-0.5229,-0.5229,1
2020-12-10,0.54315,0.34,0.7463,2
2020-12-11,-0.05836666666666668,-0.7345,0.7857,3
2020-12-12,0.6369,0.6369,0.6369,1
2020-12-13,0.7081,0.7081,0.7081,1
2020-12-14,0.3512333333333333,-0.1779,0.6829,3
2020-12-16,0.0,0.0,0.0,1
2020-12-17,0.42825,0.0,0.8565,2
2020-12-18,0.48028333333333334,-0.3129,0.9157,6
2020-12-19,-0.14165,-0.8268,0.5719,4
2020-12-20,-0.4588,-0.4588,-0.4588,1
2020-12-21,0.0258,0.0258,0.0258,1
2020-12-23,-0.36755,-0.7351,0.0,2
2020-12-24,-0.422775,-0.8118,0.0,4
2020-12-25,-0.4963,-0.4963,-0.4963,1
2020-12-26,-0.22461428571428568,-0.9375,0.4186,7
2020-12-27,0.24155000000000001,-0.4574,0.9405,2
2020-12-29,0.18394999999999997,-0.9115,0.7096,6
2020-12-30,-0.040199999999999986,-0.4201,0.3397,2
2021-01-01,-0.7427666666666667,-0.8899,-0.5425,3
2021-01-02,-0.029599999999999998,-0.5994,0.5106,3
2021-01-03,0.10625714285714284,-0.6548,0.516,7
2021-01-04,0.3818,0.3818,0.3818,1
2021-01-05,-0.17093333333333335,-0.7177,0.7756,3
